Missplled Token,Corrected Token
xkofy,goofy
//t.co/j77devjoix,//t.co/j77devjoix
cdnpoli,cdnpoli
262m,2624
//t.co/uvruw8er1b,//t.co/uvruw8er1b
've,eve
//t.co/becgusy2i6,//t.co/becgusy2i6
accíâs,access
//t.co/m5ckgyvv8f,//t.co/m5ckgyvv8f
//t.co/0c5obfmxlg,//t.co/0c5obfmxlg
usa=pays,usa=pays
//t.co/xxdeig7dbu,//t.co/xxdeig7dbu
campagne,champagne
's,is
fear-mongering,fear-mongering
//t.co/yagwmz8ecp,//t.co/yagwmz8ecp
theeconomist,theeconomist
//t.co/rqrr5nebcg,//t.co/rqrr5nebcg
fasttraffic,fasttraffic
//t.co/4k84ee8y63,//t.co/4k84ee8y63
//t.co/yxh5w53sro,//t.co/yxh5w53sro
»,a
d'immigration,immigration
dí©cortiquí©e,dí©cortiquí©e
website,webster
huffingtonpost,huffingtonpost
deyfy,defy
cäó_,cäó_
jat,at
//t.co/s3hu1okkig,//t.co/s3hu1okkig
irrí©guliíâre,irrí©guliíâre
haryanavi,haryana
it'säó_,it'säó_
monsef,money
abhinav,abhinav
//t.co/cneywn40x3,//t.co/cneywn40x3
willl,will
//t.co/f4uto5a7zf,//t.co/f4uto5a7zf
//t.co/uibsezoqas,//t.co/uibsezoqas
//t.co/kxdfmgtzzn,//t.co/kxdfmgtzzn
sitetraffic,sitetraffic
//t.co/5lievho7a4,//t.co/5lievho7a4
ofŒæimmigration,ofŒæimmigration
//t.co/dkpukywmak,//t.co/dkpukywmak
hatecrimeäó_,hatecrimeäó_
onthisday,onthisday
äó_,_
//t.co/nefw30mraa,//t.co/nefw30mraa
//t.co/lsg7c3vle9,//t.co/lsg7c3vle9
_ôˆâ_ôˆ_,_ôˆâ_ôˆ_
'',d'
//t.co/99myliuoes,//t.co/99myliuoes
shawhelp,shawell
//t.co/cyi867pzrv,//t.co/cyi867pzrv
//t.co/ec3xhoro2s,//t.co/ec3xhoro2s
//t.co/9i72frhtij,//t.co/9i72frhtij
//t.co/kwz3csvyxm,//t.co/kwz3csvyxm
//t.co/x2ifo0exi2,//t.co/x2ifo0exi2
greencard,greenland
//t.co/zozose1cqq,//t.co/zozose1cqq
äóìsubstantially,äóìsubstantially
youtube,couture
míème,mime
cpcldräó_,cpcldräó_
canadidly,candidly
vaste,waste
sweetnessshawnb,sweetnessshawnb
globalist,loyalist
ladymadonna___,ladymadonna___
íæ,of
...,p.
l'immigration,immigration
//t.co/vcmfygadr5,//t.co/vcmfygadr5
d'ñuvre,d'ñuvre
contríîle,contríîle
//t.co/ihpvhw2bag,//t.co/ihpvhw2bag
--,i-
läó,law
//t.co/wtqk4qdiki,//t.co/wtqk4qdiki
besoin,begin
https,steps
rigoureusement,rigoureusement
//t.co/zrlj26jnkc,//t.co/zrlj26jnkc
lpc,pc
5Œæquestions,5Œæquestions
b.c,bbc
stäó_,stäó_
